{
  "name": "weeping_willow",
  "start": [
    [
      0.0,
      0.0,
      0.0
    ],
    [
      0.0,
      1.5,
      0.0
    ],
    [
      0.0,
      3.0,
      0.0
    ],
    [
      0.0,
      4.5,
      0.0
    ],
    [
      0.0,
      6.0,
      0.0
    ],
    [
      0.0,
      7.5,
      0.0
    ],
    [
      0.0,
      9.0,
      0.0
    ],
    [
      0.0,
      9.0,
      0.0
    ],
    [
      0.0,
      9.0,
      0.0
    ],
    [
      0.0,
      9.0,
      0.0
    ],
    [
      0.0,
      9.0,
      0.0
    ],
    [
      0.0,
      9.0,
      0.0
    ],
    [
      0.0,
      9.0,
      0.0
    ],
    [
      0.0,
      9.0,
      0.0
    ],
    [
      0.0,
      9.0,
      0.0
    ],
    [
      0.0,
      9.0,
      0.0
    ],
    [
      0.0,
      9.0,
      0.0
    ],
    [
      0.0,
      9.0,
      0.0
    ],
    [
      0.0,
      9.0,
      0.0
    ],
    [
      0.0,
      9.0,
      0.0
    ],
    [
      0.0,
      9.0,
      0.0
    ],
    [
      0.0,
      9.0,
      0.0
    ],
    [
      0.0,
      9.0,
      0.0
    ],
    [
      0.0,
      9.0,
      0.0
    ],
    [
      0.0,
      9.0,
      0.0
    ],
    [
      0.0,
      9.0,
      0.0
    ],
    [
      0.0,
      9.0,
      0.0
    ],
    [
      0.0,
      9.0,
      0.0
    ],
    [
      0.0,
      9.0,
      0.0
    ],
    [
      0.0,
      9.0,
      0.0
    ],
    [
      0.0,
      9.0,
      0.0
    ],
    [
      0.0,
      9.0,
      0.0
    ],
    [
      0.0,
      9.0,
      0.0
    ]
  ],
  "end": [
    [
      0.0,
      1.5,
      0.0
    ],
    [
      0.0,
      3.0,
      0.0
    ],
    [
      0.0,
      4.5,
      0.0
    ],
    [
      0.0,
      6.0,
      0.0
    ],
    [
      0.0,
      7.5,
      0.0
    ],
    [
      0.0,
      9.0,
      0.0
    ],
    [
      0.0,
      8.999999999999998,
      -1.5000000000000004
    ],
    [
      0.0,
      8.249999999999998,
      -1.299038105676658
    ],
    [
      0.0,
      7.700961894323341,
      -0.7499999999999996
    ],
    [
      0.0,
      8.249999999999998,
      -1.299038105676658
    ],
    [
      0.0,
      7.700961894323341,
      -0.7499999999999996
    ],
    [
      0.0,
      7.5,
      5.992000581300754e-16
    ],
    [
      0.0,
      7.700961894323341,
      -0.7499999999999996
    ],
    [
      0.0,
      7.5,
      5.992000581300754e-16
    ],
    [
      0.0,
      7.700961894323342,
      0.7500000000000004
    ],
    [
      0.0,
      8.249999999999998,
      -1.299038105676658
    ],
    [
      0.0,
      7.700961894323341,
      -0.7499999999999996
    ],
    [
      0.0,
      7.5,
      5.992000581300754e-16
    ],
    [
      0.0,
      7.700961894323341,
      -0.7499999999999996
    ],
    [
      0.0,
      7.5,
      5.992000581300754e-16
    ],
    [
      0.0,
      7.700961894323342,
      0.7500000000000004
    ],
    [
      0.0,
      7.5,
      5.992000581300754e-16
    ],
    [
      0.0,
      7.700961894323342,
      0.7500000000000004
    ],
    [
      0.0,
      8.25,
      1.2990381056766582
    ],
    [
      0.0,
      7.700961894323341,
      -0.7499999999999996
    ],
    [
      0.0,
      7.5,
      5.992000581300754e-16
    ],
    [
      0.0,
      7.700961894323342,
      0.7500000000000004
    ],
    [
      0.0,
      7.5,
      5.992000581300754e-16
    ],
    [
      0.0,
      7.700961894323342,
      0.7500000000000004
    ],
    [
      0.0,
      8.25,
      1.2990381056766582
    ],
    [
      0.0,
      7.700961894323342,
      0.7500000000000004
    ],
    [
      0.0,
      8.25,
      1.2990381056766582
    ],
    [
      0.0,
      9.0,
      1.5
    ]
  ],
  "btype": [
    "F",
    "S",
    "S",
    "F",
    "S",
    "S",
    "L",
    "L",
    "L",
    "L",
    "L",
    "L",
    "L",
    "L",
    "L",
    "L",
    "L",
    "L",
    "L",
    "L",
    "L",
    "L",
    "L",
    "L",
    "L",
    "L",
    "L",
    "L",
    "L",
    "L",
    "L",
    "L",
    "L"
  ]
}